day,Hours,Description,Title
09/05/2023,8,Web Scraper data collection functionality ,The Hoser Grocery Tracker
09/06/2023,8,Web Scraper data collection functionality ,The Hoser Grocery Tracker
09/07/2023,8,Web Scraper data collection functionality ,The Hoser Grocery Tracker
09/10/2023,8,Web Scraper data collection functionality ,The Hoser Grocery Tracker
09/12/2023,8,Web Scraper data collection functionality ,The Hoser Grocery Tracker
09/13/2023,8,Web Scraper data collection implementation ,The Hoser Grocery Tracker
09/14/2023,8,Grocery Tracker Dashboard Node Server,The Hoser Grocery Tracker
09/18/2023,8,Grocery Tracker Dashboard Node Server,The Hoser Grocery Tracker
09/19/2023,8,Grocery Tracker Dashboard Front End Dev,The Hoser Grocery Tracker
09/20/2023,8,Grocery Tracker Dashboard Front End Dev,The Hoser Grocery Tracker
09/21/2023,8,Grocery Tracker Dashboard Server Deployment,The Hoser Grocery Tracker
09/22/2023,8,Grocery Tracker Dashboard Server Deployment,The Hoser Grocery Tracker
